A,B,C,D,E,F,G,H,I,J,K,L
1,19591,15240,12188,11994,18750,15219,17751,12222,12042,18780,False
9,19587,15302,12180,12000,18825,15104,17826,12195,12020,18737,False
17,19583,15277,12205,12007,18737,15025,17875,12170,12000,18773,False
25,19583,15360,12178,11991,18807,14957,17806,12206,12023,18740,False
33,19582,15365,12180,11985,18734,14891,17874,12179,12003,18812,False
41,19578,15354,12196,11995,18852,14786,17789,12208,12019,18839,False
49,19576,15433,12174,11979,18722,14704,17939,12157,11980,18719,False
57,19574,15406,12196,11991,18798,14652,17901,12164,11979,18766,False
65,19575,15386,12208,11989,18766,14556,17921,12169,11982,18796,False
73,19576,15380,12210,11983,18762,14492,17854,12180,11987,18788,False
81,19563,15500,12172,11958,18829,14407,17918,12165,11973,18813,False
89,19556,15556,12164,11944,18771,14303,17903,12180,11970,18836,False
97,19538,15540,12184,11960,18863,14196,17923,12168,11968,18838,False
105,19526,15469,12220,11973,18707,14121,17833,12193,11977,18708,False
113,19515,15573,12196,11948,18743,14021,17811,12202,11971,18797,False
121,19500,15514,12229,11971,18820,13936,17929,12165,11948,18744,False
129,19481,15580,12219,11952,18769,13825,17929,12165,11935,18741,False
137,19471,15666,12187,11923,18784,13757,17782,12216,11969,18799,False
145,19450,15731,12179,11919,18768,13657,17844,12193,11951,18806,False
153,19425,15798,12169,11909,18766,13564,17864,12179,11941,18769,False
161,19408,15775,12193,11912,18811,13461,17875,12181,11934,18825,False
169,19391,15778,12197,11911,18763,13378,17910,12169,11917,18774,False
177,19365,15778,12217,11922,18755,13275,17881,12187,11929,18800,False
185,19347,15856,12194,11902,18840,13220,17819,12198,11938,18755,False
193,19331,15822,12212,11913,18861,13148,17880,12177,11916,18860,False
201,19311,15803,12228,11926,18819,13062,17859,12186,11926,18797,False
209,19291,15917,12192,11904,18878,12993,17920,12163,11903,18791,False
217,19263,15859,12217,11913,18799,12901,17925,12164,11907,18865,False
225,19241,15958,12185,11891,18782,12829,17811,12206,11930,18733,False
233,19216,15888,12229,11931,18811,12745,17805,12200,11924,18787,False
241,19184,16056,12166,11882,18781,12650,17851,12188,11929,18798,False
249,19153,15989,12203,11907,18807,12564,17973,12152,11904,18790,False
257,19121,16022,12196,11898,18769,12454,17809,12201,11931,18801,False
265,19106,16050,12189,11894,18759,12404,17940,12164,11905,18762,False
273,19091,16102,12176,11890,18801,12353,17923,12157,11907,18789,False
281,19064,16091,12192,11903,18760,12270,17789,12205,11942,18802,False
289,19038,16085,12197,11911,18797,12186,17845,12177,11923,18807,False
297,19007,16155,12176,11900,18750,12101,17832,12183,11930,18742,False
305,18985,16126,12187,11908,18791,12031,17856,12175,11931,18824,False
313,18936,16190,12174,11909,18856,11876,17863,12173,11936,18864,False
321,18901,16267,12145,11897,18826,11758,17757,12207,11961,18816,False
329,18868,16222,12163,11912,18805,11692,17782,12206,11969,18826,False
337,18826,16180,12179,11931,18741,11563,17759,12210,11979,18770,False
345,18795,16101,12219,11961,18762,11465,17925,12152,11941,18755,False
353,18747,16008,12235,11989,18754,11322,17903,12175,11975,18781,False
361,18703,16095,12194,11974,18829,11235,17729,12225,12013,18834,False
369,18664,16078,12200,11975,18819,11109,17982,12149,11965,18813,False
377,18619,16125,12183,11968,18817,11078,17961,12151,11937,18738,True
385,18587,16138,12173,11972,18762,11135,17859,12179,11957,18765,True
393,18554,16203,12145,11961,18728,11190,17909,12164,11955,18768,True
401,18536,15975,12231,12016,18749,11217,17932,12158,11956,18726,True
409,18511,16064,12183,11988,18702,11251,17948,12160,11961,18730,True
417,18469,15946,12219,12019,18723,11336,17754,12213,11995,18707,True
425,18427,15901,12237,12036,18763,11434,17875,12175,11982,18746,True
433,18395,16071,12161,11991,18800,11493,17949,12155,11967,18787,True
441,18373,15873,12227,12033,18741,11523,17793,12197,11996,18769,True
449,18344,15908,12207,12018,18739,11588,17973,12140,11951,18849,True
457,18302,15953,12169,11989,18780,11677,17957,12151,11962,18800,True
465,18273,15856,12187,11997,18747,11755,17925,12159,11959,18764,True
473,18252,15815,12192,11996,18739,11838,17870,12173,11966,18803,True
481,18211,15831,12170,11969,18814,11924,17858,12175,11957,18840,True
489,18184,15721,12185,11982,18816,11985,17839,12187,11962,18835,True
497,18156,15726,12180,11969,18836,12014,17858,12182,11953,18836,True
505,18139,15632,12200,11982,18784,12072,17769,12204,11955,18777,True
513,18124,15642,12182,11951,18770,12138,17785,12207,11948,18806,True
521,18116,15516,12210,11971,18765,12188,17802,12193,11933,18734,True
529,18109,15461,12223,11971,18762,12237,17853,12182,11919,18743,True
537,18092,15477,12204,11956,18780,12280,17802,12199,11935,18806,True
545,18072,15354,12238,11970,18834,12332,17895,12168,11904,18775,True
553,18059,15325,12231,11952,18829,12395,17812,12190,11909,18776,True
561,18052,15482,12151,11890,18782,12477,17840,12179,11889,18752,True
569,18053,15385,12179,11905,18774,12507,17828,12192,11895,18789,True
577,18056,15304,12200,11910,18776,12586,18039,12131,11842,18768,True
585,18050,15312,12186,11909,18850,12659,17814,12194,11888,18848,True
593,18035,15209,12201,11900,18872,12760,17753,12216,11888,18838,True
601,18036,15202,12187,11892,18774,12807,17724,12226,11899,18772,True
609,18038,15152,12194,11892,18765,12887,17913,12165,11854,18748,True
617,18043,15151,12191,11890,18807,12923,17928,12162,11854,18779,True
625,18053,14998,12240,11926,18734,12988,17824,12198,11874,18744,True
633,18059,14634,12243,11932,18765,13026,17866,12185,11873,18753,True
641,18072,15080,12200,11904,18829,13113,17854,12191,11876,18808,True
649,18074,15160,12151,11872,18795,13188,17839,12206,11896,18838,True
657,18083,15095,12180,11904,18771,13226,17980,12164,11870,18794,True
665,18090,15058,12192,11912,18796,13273,17933,12168,11876,18814,True
673,18094,15041,12198,11918,18810,13301,18028,12145,11867,18795,True
681,18098,15034,12200,11925,18851,13327,17871,12185,11895,18768,True
689,18109,15111,12162,11903,18735,13399,17873,12194,11913,18714,True
697,18123,15006,12204,11944,18782,13448,17900,12180,11906,18812,True
705,18132,14653,12196,11965,18777,13542,17914,12183,11927,18774,True
713,18135,15019,12192,11957,18831,13600,17982,12150,11909,18716,True
721,18145,14596,12217,12008,18735,13682,17961,12159,11929,18763,True
729,18149,15097,12165,11954,18713,13762,17997,12144,11928,18745,True
737,18161,15036,12196,11980,18787,13818,17792,12216,11983,18784,True
745,18161,15051,12191,11992,18834,13865,17789,12211,11987,18812,True
753,18161,14653,12213,12038,18774,13891,17979,12155,11952,18810,True
761,18165,15055,12220,12012,18757,13936,17792,12216,11998,18776,True
769,18165,14645,12230,12070,18857,13962,17898,12176,11973,18780,True
777,18162,15133,12196,11996,18825,14019,17883,12183,11976,18807,True
785,18168,15280,12147,11973,18780,14080,17820,12209,12003,18791,True
793,18171,15146,12209,12011,18782,14124,17943,12148,11960,18778,True
801,18172,15143,12218,12019,18864,14158,17822,12192,11988,18747,True
809,18175,15209,12199,12008,18836,14185,17768,12210,12002,18868,True
817,18172,15247,12191,12004,18881,14248,17930,12160,11968,18763,True
825,18163,15282,12179,11990,18765,14269,17838,12183,11981,18907,True
833,18159,15355,12164,11981,18860,14318,17840,12184,11980,18806,True
841,18154,15356,12173,11988,18780,14346,17865,12171,11969,18884,True
849,18151,15344,12194,11996,18866,14407,17917,12162,11958,18804,True
857,18138,15393,12186,11988,18820,14452,17801,12198,11984,18891,True
865,18136,15342,12208,11992,18837,14497,17888,12163,11953,18844,True
873,18130,15544,12141,11952,18823,14536,17923,12153,11943,18825,True
881,18117,15439,12199,11981,18829,14581,17818,12193,11960,18840,True
889,18107,15486,12196,11979,18905,14626,17785,12203,11964,18816,True
897,18086,15546,12180,11956,18759,14669,17824,12188,11947,18870,True
905,18076,15567,12186,11954,18835,14711,17855,12171,11931,18857,True
913,18060,15673,12157,11929,18824,14761,17883,12172,11921,18791,True
921,18048,15593,12195,11950,18800,14793,17804,12189,11928,18851,True
929,18035,15686,12168,11929,18862,14853,17893,12162,11897,18847,True
937,18007,15672,12195,11949,18853,14896,17806,12196,11924,18861,True
945,17994,15707,12169,11918,18804,14932,17968,12139,11873,18801,True
953,17978,15694,12189,11930,18792,14968,17877,12173,11895,18773,True
961,17961,15650,12215,11948,18909,15002,17826,12189,11899,18887,True
969,17940,15775,12176,11911,18806,15051,17864,12178,11882,18760,True
977,17923,15728,12212,11931,18809,15105,17932,12174,11877,18788,True
985,17889,15860,12171,11900,18819,15169,17822,12213,11895,18866,True
993,17860,15752,12223,11937,18864,15213,17783,12225,11904,18875,True
1001,17839,15880,12185,11905,18817,15235,17941,12165,11862,18854,True
1009,17825,15890,12185,11903,18842,15261,17897,12179,11872,18771,True
1017,17793,15933,12177,11901,18795,15332,17927,12170,11859,18822,True
1025,17755,15909,12203,11921,18855,15385,17913,12180,11866,18888,True
1033,17724,15885,12220,11929,18850,15420,17948,12163,11861,18833,True
1041,17697,15900,12215,11923,18825,15462,17892,12184,11867,18847,True
1049,17668,16058,12165,11891,18888,15505,17849,12198,11881,18843,True
1057,17636,16015,12190,11917,18884,15545,17866,12199,11879,18836,True
1065,17613,16063,12173,11908,18901,15582,17915,12147,11853,18869,True
1073,17569,16102,12171,11902,18807,15615,17853,12177,11876,18882,True
1081,17538,16038,12200,11928,18721,15657,17837,12170,11871,18818,True
1089,17493,16069,12196,11926,18787,15704,17910,12145,11865,18782,True
1097,17472,16065,12192,11932,18770,15729,17799,12192,11892,18813,True
1105,17416,16045,12206,11940,18785,15786,17882,12161,11882,18866,True
1113,17391,16099,12192,11937,18832,15829,17837,12170,11888,18798,True
1121,17346,16181,12168,11924,18830,15888,17851,12165,11901,18730,True
1129,17297,16140,12203,11967,18823,15938,17822,12180,11921,18807,True
1137,17250,16118,12209,11969,18783,15985,17748,12204,11944,18850,True
1145,17206,16126,12206,11978,18774,16035,17719,12215,11955,18822,True
1153,17176,16221,12182,11963,18812,16079,17781,12202,11946,18803,True
1161,17143,16177,12188,11972,18777,16135,17878,12174,11936,18815,True
1169,17120,16248,12166,11964,18811,16173,17836,12184,11952,18811,True
1177,17074,16110,12207,12005,18810,16227,17838,12179,11958,18767,True
1185,17044,16252,12152,11966,18746,16248,17835,12185,11969,18773,True
1193,17006,16056,12221,12018,18832,16296,17841,12187,11967,18805,True
1201,16972,16256,12151,11972,18885,16343,17850,12182,11970,18839,True
1209,16948,16198,12162,11984,18797,16377,17841,12184,11972,18864,True
1217,16912,16033,12187,12005,18858,16419,17750,12214,11998,18774,True
1225,16894,15945,12219,12028,18775,16453,17969,12146,11954,18885,True
1233,16865,15882,12237,12046,18848,16494,17834,12193,11992,18813,True
1241,16839,15881,12226,12039,18781,16527,17799,12194,11990,18814,True
1249,16791,15882,12218,12034,18814,16567,17826,12207,12001,18828,True
1257,16769,15821,12242,12054,18805,16600,17809,12212,12001,18822,True
1265,16748,15995,12162,11999,18841,16652,17887,12181,11982,18824,True
1273,16697,15900,12186,12007,18896,16692,17904,12180,11976,18869,True
1281,16656,15847,12195,12012,18841,16760,17932,12169,11966,18766,True
1289,16625,15902,12162,11987,18769,16816,17992,12148,11956,18728,True
1297,16596,15843,12168,11986,18782,16844,17872,12194,11985,18835,True
1305,16579,15825,12189,12000,18809,16876,17866,12200,11981,18830,True
1313,16553,15784,12189,11988,18877,16948,17832,12207,11976,18836,True
1321,16527,15776,12179,11987,18830,16984,17747,12229,11998,18817,True
1329,16501,15626,12215,12001,18781,17038,17915,12163,11935,18900,True
1337,16487,15618,12218,12001,18860,17088,17790,12198,11947,18829,True
1345,16467,15517,12244,12012,18895,17122,17827,12181,11932,18853,True
1353,16449,15726,12155,11941,18810,17164,17726,12217,11951,18774,True
1361,16421,15544,12202,11962,18852,17237,17834,12185,11922,18768,True
1369,16406,15532,12189,11943,18764,17287,17935,12146,11881,18865,True
1377,16399,15493,12205,11955,18885,17314,17795,12201,11918,18794,True
1385,16365,15524,12190,11938,18848,17374,17956,12144,11880,18821,True
1393,16345,15480,12194,11922,18877,17421,17858,12175,11884,18851,True
1401,16337,15500,12181,11917,18869,17453,17905,12158,11871,18833,True
1409,16326,15504,12157,11890,18788,17501,17759,12209,11897,18807,True
1417,16317,15364,12206,11913,18792,17540,17918,12157,11858,18829,True
1425,16315,15357,12204,11914,18805,17574,17763,12205,11884,18786,True
1433,16317,15277,12227,11921,18770,17623,17824,12194,11868,18797,True
1441,16323,15264,12223,11920,18795,17664,17930,12154,11843,18879,True
1449,16322,15298,12201,11907,18855,17704,17796,12197,11867,18760,True
1457,16309,15312,12184,11897,18772,17743,17864,12175,11859,18868,True
1465,16300,15244,12196,11895,18815,17785,17841,12184,11864,18798,True
1473,16295,15173,12217,11902,18852,17831,17790,12203,11875,18783,True
1481,16301,15072,12216,11902,18783,17911,17746,12217,11878,18803,True
1489,16305,15076,12203,11893,18752,17947,17831,12189,11865,18793,True
1497,16307,15155,12169,11871,18827,18008,17839,12186,11862,18808,True
1505,16305,14985,12223,11913,18832,18065,17966,12149,11850,18777,True
1513,16307,14637,12222,11928,18784,18111,17867,12186,11874,18780,True
1521,16314,15073,12172,11889,18786,18166,17917,12168,11867,18834,True
1529,16320,14563,12238,11952,18831,18211,17834,12190,11885,18806,True
1537,16323,14615,12219,11945,18850,18247,17780,12207,11901,18840,True
1545,16322,14559,12227,11956,18895,18289,17807,12202,11901,18880,True
1553,16318,14614,12214,11959,18846,18325,17986,12151,11876,18859,True
1561,16319,14989,12195,11930,18872,18370,17866,12186,11910,18871,True
1569,16322,15020,12185,11927,18806,18412,17897,12179,11905,18869,True
1577,16323,14551,12226,11989,18907,18453,17950,12154,11897,18862,True
1585,16319,15039,12172,11932,18827,18493,17918,12169,11914,18821,True
1593,16323,15021,12183,11941,18868,18535,17898,12182,11937,18851,True
1601,16330,14599,12209,11993,18857,18578,17823,12207,11954,18871,True
1609,16334,14646,12209,11999,18870,18604,17898,12186,11947,18895,True
1617,16339,14569,12229,12030,18829,18647,18045,12138,11921,18849,True
1625,16331,14474,12253,12058,18907,18674,17981,12155,11939,18938,True
1633,16329,14986,12204,11981,18813,18692,17867,12190,11965,18810,True
1641,16321,15038,12186,11972,18864,18726,17948,12165,11959,18909,True
1649,16317,15065,12179,11968,18790,18751,17882,12188,11971,18813,True
1657,16313,15083,12176,11976,18788,18810,17893,12181,11972,18812,True
1665,16309,15068,12192,11993,18884,18837,17856,12197,11984,18903,True
1673,16305,15143,12172,11982,18882,18895,17977,12159,11962,18866,True
1681,16300,15168,12166,11978,18810,18918,17762,12225,12013,18891,True
1689,16291,15122,12205,12006,18889,18967,17868,12185,11985,18843,True
1697,16287,15180,12186,11995,18854,18998,17887,12181,11986,18833,True
1705,16282,15104,12218,12016,18877,19035,17840,12197,11995,18910,True
1713,16275,15160,12204,12006,18856,19073,17791,12204,12003,18842,True
1721,16263,15211,12186,11998,18890,19104,17937,12166,11976,18890,True
1729,16253,15266,12196,12001,18894,19139,17877,12188,11987,18910,True
1737,16246,15202,12223,12019,18869,19179,17841,12194,11988,18832,True
1745,16231,15263,12206,12002,18920,19214,17815,12199,11990,18953,True
1753,16220,15241,12231,12018,18865,19231,17756,12224,12010,18955,True
1761,16207,15450,12162,11964,18864,19275,17848,12192,11978,18874,True
1769,16187,15310,12224,12014,18866,19300,17930,12160,11954,18840,True
1777,16171,15420,12193,11978,18825,19339,17945,12161,11942,18870,True
1785,16158,15425,12201,11978,18944,19367,17757,12226,11985,18851,False
1793,16151,15350,12236,12003,18931,19312,17937,12163,11980,18916,False
1801,16127,15476,12195,11972,18889,19216,17858,12185,11992,18928,False
1809,16116,15594,12162,11942,18871,19139,17882,12183,11982,18870,False
1817,16103,15479,12220,11973,18906,19049,17900,12175,11973,18863,False
1825,16093,15480,12223,11973,18796,18978,17856,12183,11977,18896,False
1833,16076,15610,12190,11949,18789,18857,17785,12217,11992,18832,False
1841,16068,15653,12188,11942,18780,18789,17935,12167,11950,18810,False
1849,16059,15682,12185,11935,18810,18722,17854,12186,11966,18835,False
1857,16049,15628,12220,11954,18751,18655,17878,12180,11952,18791,False
1865,16035,15806,12164,11919,18799,18585,17909,12169,11947,18766,False
1873,16022,15762,12183,11929,18712,18532,17779,12207,11969,18769,False
1881,16001,15750,12197,11927,18730,18441,17963,12154,11933,18722,False
1889,15992,15780,12190,11919,18754,18390,17840,12191,11950,18719,False
1897,15985,15664,12242,11948,18739,18308,17793,12194,11949,18795,False
1905,15971,15797,12200,11921,18735,18230,17899,12164,11924,18709,False
1913,15954,15911,12171,11899,18755,18164,17802,12196,11947,18762,False
1921,15938,15815,12211,11922,18794,18096,17871,12173,11926,18750,False
1929,15921,16034,12146,11880,18731,18012,17764,12206,11948,18791,False
1937,15903,15830,12230,11934,18814,17942,17908,12155,11913,18739,False
1945,15884,15887,12212,11925,18790,17873,17806,12188,11933,18796,False
1953,15859,15880,12223,11931,18854,17804,17713,12223,11955,18770,False
1961,15832,16021,12178,11900,18801,17715,17830,12182,11932,18850,False
1969,15817,15990,12185,11901,18808,17645,17820,12183,11927,18796,False
1977,15793,15983,12200,11910,18733,17577,17745,12206,11946,18794,False
1985,15773,16053,12176,11898,18760,17509,17867,12169,11919,18751,False
1993,15752,16074,12173,11896,18734,17441,17880,12164,11919,18757,False
2001,15734,16062,12186,11902,18735,17358,17858,12175,11924,18725,False
2009,15706,16079,12186,11904,18735,17276,17935,12163,11920,18737,False
2017,15686,16143,12176,11906,18742,17211,17727,12224,11963,18773,False
2025,15664,16038,12208,11929,18735,17145,17933,12158,11918,18728,False
2033,15642,16111,12193,11921,18798,17078,17794,12206,11949,18736,False
2041,15618,16087,12204,11932,18777,16991,17831,12195,11951,18812,False
2049,15593,16176,12172,11911,18780,16924,17788,12207,11960,18776,False
2057,15574,16143,12186,11926,18786,16860,17757,12207,11958,18784,False
2065,15550,16135,12187,11927,18716,16781,17804,12200,11959,18769,False
2073,15530,16200,12165,11920,18794,16717,17846,12181,11950,18711,False
2081,15508,16120,12206,11952,18744,16634,17796,12201,11967,18803,False
2089,15472,16227,12167,11932,18779,16547,17777,12204,11974,18808,False
2097,15453,16130,12202,11960,18749,16482,17855,12183,11968,18775,False
2105,15434,16131,12199,11956,18723,16419,17843,12190,11970,18755,False
2113,15406,16185,12179,11952,18741,16307,18068,12133,11941,18726,False
2121,15371,16103,12212,11993,18789,16213,17873,12192,11996,18771,False
2129,15334,16146,12190,11970,18745,16134,17928,12184,11991,18804,False
2137,15312,16098,12206,11989,18792,16064,17862,12202,12002,18782,False
2145,15290,16088,12214,11994,18756,15996,18009,12155,11973,18800,False
2153,15272,16275,12139,11943,18834,15945,17925,12181,11998,18781,False
2161,15249,16153,12165,11966,18746,15863,17874,12197,12012,18833,False
2169,15234,16113,12171,11975,18775,15815,17977,12162,11988,18768,False
2177,15216,15972,12230,12020,18791,15751,17900,12195,12015,18822,False
2185,15178,15952,12228,12021,18874,15665,17880,12192,12018,18746,False
2193,15154,16031,12194,12002,18833,15591,17955,12171,12008,18849,False
2201,15128,16078,12173,11994,18785,15505,18013,12153,11993,18834,False
2209,15111,16076,12170,11986,18760,15455,17963,12166,12003,18763,False
2217,15084,15993,12190,12002,18778,15335,18029,12145,11990,18827,False
2225,15051,15970,12188,12010,18795,15265,17926,12162,12006,18816,False
2233,15031,15972,12190,12009,18736,15195,17854,12180,12020,18800,False
2241,15012,15853,12220,12024,18758,15113,17853,12174,12011,18702,False
2249,14994,15971,12172,11990,18716,15036,17901,12158,12001,18725,False
2257,14977,15910,12184,12000,18844,14955,17912,12158,11999,18862,False
2265,14946,15858,12212,12018,18811,14870,17775,12208,12037,18772,False
2273,14934,15889,12194,12008,18788,14813,17908,12170,12009,18811,False
2281,14916,15811,12209,12010,18826,14729,17946,12153,11993,18849,False
2289,14880,15886,12178,11992,18855,14622,17868,12179,12010,18835,False
2297,14854,15735,12214,12011,18780,14497,17767,12204,12021,18779,False
2305,14837,15739,12199,11996,18832,14396,17816,12190,12007,18830,False
2313,14809,15656,12217,11996,18790,14279,17846,12180,11996,18752,False
2321,14792,15707,12189,11971,18789,14178,17889,12170,11982,18785,False
2329,14745,15643,12180,11953,18771,13943,17906,12173,11981,18800,False
2337,14727,15599,12209,11968,18792,13817,17875,12184,11976,18810,False
2345,14705,15608,12185,11945,18809,13710,17805,12201,11980,18775,False
2353,14698,15515,12216,11958,18792,13622,17921,12164,11952,18804,False
2361,14690,15567,12183,11933,18727,13553,17930,12159,11945,18764,False
2369,14683,15570,12175,11921,18784,13468,17888,12176,11949,18762,False
2377,14679,15495,12186,11923,18736,13385,17915,12163,11934,18762,False
2385,14677,15481,12194,11919,18848,13319,17860,12186,11953,18835,False
2393,14663,15311,12243,11960,18779,13231,17801,12197,11964,18768,False
2401,14652,15357,12208,11922,18833,13154,18025,12146,11917,18863,False
2409,14647,15440,12179,11903,18753,13082,17883,12188,11946,18758,False
2417,14644,15335,12207,11910,18796,13011,17968,12166,11922,18811,False
2425,14645,15374,12180,11895,18801,12945,17873,12198,11941,18777,False
2433,14646,15205,12236,11923,18784,12830,17982,12158,11916,18814,False
2441,14646,15246,12182,11889,18853,12746,17894,12189,11933,18780,False
2449,14644,15180,12199,11901,18766,12660,17914,12178,11927,18783,False
2457,14648,15169,12192,11892,18787,12557,17925,12180,11922,18820,False
2465,14646,15226,12151,11874,18807,12423,17860,12194,11939,18803,False
2473,14652,14986,12246,11926,18772,12317,17885,12196,11939,18841,False
2481,14663,15048,12208,11898,18805,12218,17997,12156,11906,18786,False
2489,14674,15018,12215,11910,18748,12140,17909,12169,11921,18723,False
2497,14685,15127,12166,11890,18814,12062,17892,12173,11926,18832,False
2505,14680,15066,12180,11893,18794,11974,17797,12211,11963,18791,False
2513,14689,15065,12187,11899,18770,11905,17936,12167,11923,18831,False
2521,14692,14580,12238,11956,18836,11804,17843,12195,11955,18797,False
2529,14702,14636,12215,11937,18797,11680,17870,12185,11943,18812,False
2537,14715,15123,12150,11893,18726,11616,17823,12195,11954,18782,False
2545,14732,14565,12226,11955,18804,11507,17930,12162,11937,18796,False
2553,14751,15068,12172,11922,18824,11364,17836,12196,11976,18819,False
2561,14761,15021,12188,11941,18733,11280,17875,12180,11966,18729,False
2569,14773,15093,12159,11926,18769,11179,17866,12177,11970,18851,False
2577,14781,15038,12190,11955,18828,11112,17934,12159,11959,18802,False
2585,14794,14622,12211,11993,18747,11043,17786,12210,11957,18773,True
2593,14810,14638,12208,12019,18789,11133,17835,12193,11958,18826,True
2601,14816,15095,12167,11964,18772,11172,17889,12178,11951,18848,True
2609,14822,15107,12167,11961,18859,11218,17865,12182,11959,18786,True
2617,14833,15069,12194,11988,18789,11285,17917,12166,11954,18776,True
2625,14841,15040,12213,12009,18747,11349,17774,12216,11989,18796,True
2633,14847,14636,12229,12063,18813,11396,17834,12194,11979,18840,True
2641,14852,15022,12229,12024,18719,11434,17923,12167,11960,18772,True
2649,14856,15120,12201,12009,18847,11470,17784,12203,11988,18711,True
2657,14857,15180,12199,12007,18802,11523,17831,12199,11988,18796,True
2665,14858,15253,12192,11998,18805,11599,17942,12164,11964,18796,True
2673,14861,15197,12223,12018,18762,11672,17804,12200,11990,18752,True
2681,14862,15275,12210,12012,18729,11726,17850,12192,11981,18775,True
2689,14866,15290,12203,12005,18705,11776,17909,12172,11962,18721,True
2697,14867,15279,12226,12015,18696,11816,17866,12187,11969,18725,True
2705,14867,15504,12142,11960,18707,11865,17868,12180,11962,18664,True
2713,14869,15298,12225,12009,18789,11903,17905,12175,11960,18723,True
2721,14869,15437,12186,11982,18719,11943,17955,12151,11936,18786,True
2729,14868,15529,12160,11960,18667,12010,17926,12166,11942,18678,True
2737,14872,15576,12154,11947,18674,12085,17894,12173,11932,18670,True
2745,14873,15410,12223,11982,18686,12139,17831,12196,11944,18707,True
2753,14869,15427,12228,11984,18718,12199,18002,12140,11903,18722,True
2761,14858,15578,12186,11950,18812,12265,17806,12209,11937,18799,True
2769,14853,15532,12205,11961,18709,12304,17961,12153,11898,18747,True
2777,14847,15642,12188,11939,18690,12375,17857,12188,11908,18738,True
2785,14841,15669,12185,11931,18739,12439,17885,12183,11896,18728,True
2793,14834,15697,12186,11923,18730,12481,17911,12167,11888,18725,True
2801,14824,15585,12233,11959,18796,12512,17873,12180,11889,18693,True
2809,14807,15768,12183,11918,18742,12562,17852,12185,11886,18697,True
2817,14794,15816,12168,11901,18694,12611,17953,12154,11860,18778,True
2825,14790,15859,12169,11894,18722,12664,17870,12175,11870,18690,True
2833,14784,15842,12178,11897,18667,12711,17787,12204,11879,18771,True
2841,14766,15853,12182,11902,18732,12763,17903,12160,11858,18707,True
2849,14753,15883,12185,11893,18730,12799,17938,12154,11848,18711,True
2857,14742,15878,12191,11901,18716,12840,17949,12146,11838,18742,True
2865,14733,15871,12196,11903,18768,12883,17932,12152,11835,18695,True
2873,14720,15901,12195,11899,18733,12938,17808,12191,11858,18748,True
2881,14692,15845,12226,11929,18814,13008,17815,12191,11869,18786,True
2889,14669,15845,12234,11926,18712,13040,17773,12207,11875,18715,True
2897,14649,15944,12209,11902,18692,13089,17764,12206,11871,18693,True
2905,14638,16041,12174,11883,18690,13130,17882,12167,11842,18683,True
2913,14629,16051,12178,11886,18691,13174,17744,12213,11876,18724,True
2921,14614,15924,12230,11920,18679,13229,17837,12184,11858,18681,True
2929,14602,16081,12178,11887,18783,13262,17812,12186,11855,18752,True
2937,14584,16029,12202,11911,18694,13315,17844,12196,11880,18711,True
2945,14531,16102,12182,11903,18775,13398,17828,12201,11887,18722,True
2953,14507,16109,12186,11911,18722,13445,17855,12194,11885,18825,True
2961,14486,16080,12199,11920,18743,13495,17972,12153,11864,18713,True
2969,14458,16048,12225,11941,18698,13581,17802,12214,11910,18688,True
2977,14426,16157,12183,11931,18766,13645,17942,12165,11892,18729,True
2985,14394,16116,12200,11942,18814,13682,17994,12146,11876,18793,True
2993,14368,16154,12189,11936,18760,13720,17801,12209,11929,18735,True
3001,14346,16155,12187,11945,18796,13767,17976,12159,11898,18781,True
3009,14313,16174,12178,11945,18730,13802,17849,12198,11931,18747,True
3017,14290,16187,12183,11952,18784,13847,17848,12196,11933,18830,True
3025,14261,16089,12213,11980,18789,13909,17817,12189,11942,18708,True
3033,14231,16120,12200,11978,18710,13970,17762,12211,11966,18729,True
3041,14219,16227,12164,11950,18819,13999,17719,12225,11974,18726,True
3049,14196,16174,12179,11962,18713,14026,17971,12144,11921,18789,True
3057,14168,16094,12199,11984,18767,14082,17931,12153,11932,18770,True
3065,14143,16074,12210,11996,18717,14131,17812,12187,11964,18706,True
3073,14117,16109,12191,11988,18778,14176,17929,12154,11949,18766,True
3081,14090,16064,12197,11997,18698,14210,17813,12193,11978,18719,True
3089,14074,16081,12191,11994,18685,14239,17878,12169,11966,18711,True
3097,14054,16101,12184,11992,18759,14275,17942,12155,11954,18720,True
3105,14037,16093,12185,11990,18748,14314,17870,12174,11975,18769,True
3113,14024,16067,12188,11998,18704,14364,17849,12181,11976,18687,True
3121,13995,15987,12204,12005,18742,14440,17925,12170,11971,18803,True
3129,13958,16045,12165,11987,18812,14511,17837,12191,11994,18818,True
3137,13930,15940,12190,12006,18736,14576,17813,12204,11995,18739,True
3145,13901,15943,12184,12000,18743,14623,17936,12158,11962,18743,True
3153,13878,15822,12212,12016,18768,14690,17858,12187,11982,18719,True
3161,13868,15889,12185,11992,18665,14722,17926,12161,11959,18785,True
3169,13855,15862,12179,11987,18728,14783,17878,12181,11973,18726,True
3177,13818,15903,12151,11964,18768,14846,17812,12207,11994,18790,True
3185,13809,15652,12239,12019,18797,14879,17894,12177,11961,18766,True
3193,13802,15681,12215,11998,18671,14920,17852,12187,11958,18643,True
3201,13799,15829,12152,11951,18614,14976,17921,12164,11943,18682,True
3209,13802,15738,12185,11961,18571,15076,17877,12190,11943,18603,True
3217,13805,15698,12187,11958,18711,15137,17968,12161,11918,18640,True
3225,13808,15618,12210,11970,18693,15202,17817,12201,11939,18696,True
3233,13809,15652,12192,11956,18628,15247,17912,12176,11924,18674,True
3241,13816,15668,12167,11929,18658,15321,17855,12189,11916,18673,True
3249,13813,15476,12215,11953,18638,15435,17984,12151,11890,18692,True
3257,13812,15517,12191,11928,18618,15473,17886,12183,11903,18653,True
3265,13816,15439,12219,11947,18692,15518,17847,12202,11906,18729,True
3273,13818,15396,12226,11945,18610,15563,17790,12210,11912,18613,True
3281,13825,15456,12186,11909,18615,15620,17791,12213,11902,18725,True
3289,13827,15435,12192,11911,18636,15676,17843,12189,11883,18615,True
3297,13824,15458,12166,11893,18606,15713,17846,12198,11891,18751,True
3305,13829,15336,12189,11903,18694,15774,17804,12213,11887,18666,True
3313,13839,15210,12221,11919,18667,15831,17986,12160,11850,18656,True
3321,13863,15281,12177,11875,18567,15913,17937,12170,11850,18579,True
3329,13883,15185,12212,11895,18590,15994,17887,12189,11856,18581,True
3337,13926,15210,12185,11872,18531,16092,17887,12187,11847,18592,True
3345,13938,15153,12199,11897,18682,16150,17894,12183,11845,18540,True
3353,13940,15176,12179,11881,18680,16192,17891,12186,11862,18703,True
3361,13941,15211,12163,11869,18704,16219,17873,12196,11867,18686,True
3369,13943,15217,12155,11866,18717,16256,18011,12148,11840,18738,True
3377,13959,15122,12188,11886,18729,16307,17933,12171,11844,18670,True
3385,13968,15231,12138,11858,18665,16361,17955,12161,11847,18721,True
3393,13971,15094,12185,11885,18709,16406,17972,12167,11854,18672,True
3401,13983,14629,12230,11923,18661,16447,17906,12187,11869,18699,True
3409,13992,15136,12176,11882,18672,16489,17906,12190,11868,18666,True
3417,14000,14588,12233,11942,18738,16540,17944,12175,11868,18666,True
3425,13999,15097,12179,11900,18766,16581,17806,12213,11902,18756,True
3433,14000,15026,12205,11918,18789,16619,17981,12159,11867,18786,True
3441,14006,15030,12200,11918,18826,16679,17892,12184,11892,18709,True
3449,14014,15132,12149,11892,18722,16725,17878,12196,11903,18734,True
3457,14018,14653,12199,11942,18778,16759,17930,12179,11897,18734,True
3465,14012,14575,12221,11976,18758,16807,17957,12166,11900,18775,True
3473,14017,14541,12233,11982,18755,16832,17973,12167,11900,18780,True
3481,14021,15042,12181,11935,18784,16867,17989,12155,11899,18767,True
3489,14026,15110,12159,11924,18814,16910,17981,12166,11915,18755,True
3497,14030,15059,12176,11939,18854,16944,17931,12165,11912,18844,True
3505,14033,14614,12216,12002,18753,16978,18019,12150,11908,18754,True
3513,14046,15014,12194,11963,18743,17023,17876,12192,11941,18738,True
3521,14043,15067,12175,11957,18758,17058,17833,12203,11963,18780,True
3529,14053,15072,12184,11972,18707,17100,17948,12168,11939,18760,True
3537,14049,14555,12235,12046,18790,17135,17852,12197,11968,18706,True
3545,14060,15117,12176,11969,18779,17178,17932,12175,11950,18798,True
3553,14066,15095,12184,11979,18774,17207,17970,12162,11942,18782,True
3561,14074,15098,12187,11977,18733,17254,17958,12163,11947,18735,True
3569,14083,14612,12233,12058,18693,17303,18024,12139,11937,18783,True
3577,14095,15105,12197,11992,18721,17362,17875,12190,11976,18740,True
3585,14100,15089,12214,12010,18771,17415,17887,12180,11970,18790,True
3593,14105,15102,12211,12009,18765,17446,17892,12181,11972,18744,True
3601,14109,15121,12218,12010,18739,17494,17897,12172,11971,18704,True
3609,14119,15195,12193,12003,18748,17552,17900,12176,11972,18784,True
3617,14119,15180,12200,12001,18749,17599,17851,12193,11988,18748,True
3625,14120,15156,12217,12015,18679,17626,17845,12187,11979,18772,True
3633,14125,15230,12200,12004,18725,17664,17853,12187,11976,18674,True
3641,14132,15265,12197,11997,18795,17715,17801,12206,11992,18747,True
3649,14137,15232,12216,12008,18694,17757,17841,12190,11974,18774,True
3657,14140,15211,12228,12016,18704,17798,17924,12171,11957,18708,True
3665,14146,15348,12185,11981,18747,17848,17873,12178,11962,18740,True
3673,14152,15449,12173,11969,18769,17912,17871,12185,11965,18749,True
3681,14151,15409,12201,11991,18680,17963,17844,12194,11964,18677,True
3689,14150,15366,12229,12006,18785,18002,17914,12173,11945,18787,True
3697,14147,15440,12202,11977,18759,18049,17962,12150,11926,18697,True
3705,14136,15441,12214,11987,18766,18117,17826,12189,11956,18771,True
3713,14126,15553,12191,11966,18746,18155,17816,12195,11952,18751,True
3721,14120,15525,12209,11970,18777,18201,17918,12149,11907,18751,True
3729,14113,15625,12187,11941,18733,18259,17850,12179,11921,18680,True
3737,14110,15601,12202,11953,18700,18323,17757,12212,11932,18708,True
3745,14092,15621,12211,11960,18755,18378,17938,12154,11893,18780,True
3753,14067,15679,12201,11943,18733,18446,17816,12185,11902,18742,True
3761,14052,15670,12223,11953,18804,18470,17823,12191,11905,18823,True
3769,14033,15788,12193,11922,18718,18514,17829,12189,11902,18739,True
3777,14019,15803,12191,11915,18717,18558,17874,12173,11880,18735,True
3785,14010,15871,12174,11901,18736,18597,17865,12179,11877,18740,True
3793,13998,15894,12174,11900,18700,18671,17960,12151,11863,18713,True
3801,13973,15859,12203,11916,18816,18720,17835,12186,11889,18771,True
3809,13943,15916,12201,11906,18756,18779,17764,12221,11900,18745,True
3817,13932,15866,12222,11925,18716,18816,17894,12170,11867,18784,True
3825,13901,15857,12239,11938,18749,18871,17881,12183,11868,18767,True
3833,13862,16023,12188,11898,18738,18926,17875,12182,11871,18769,True
3841,13846,16112,12155,11873,18745,18972,17896,12178,11861,18742,True
3849,13826,15996,12205,11907,18717,19026,17885,12171,11861,18684,True
3857,13791,16103,12174,11896,18746,19110,17897,12170,11861,18761,True
3865,13773,16127,12172,11887,18724,19142,17895,12178,11875,18738,True
3873,13733,16127,12177,11898,18718,19208,17867,12185,11878,18777,True
3881,13710,16046,12216,11926,18778,19244,17831,12187,11882,18708,True
3889,13684,16152,12177,11904,18760,19291,17839,12193,11893,18793,True
3897,13669,16289,12130,11871,18760,19331,17821,12196,11896,18769,True
3905,13649,16095,12211,11927,18779,19370,17777,12206,11907,18753,False
3913,13629,16044,12231,11944,18736,19306,17901,12169,11938,18774,False
3921,13602,16211,12172,11911,18733,19180,17837,12192,11962,18721,False
3929,13580,16208,12175,11920,18759,19133,17947,12152,11938,18738,False
3937,13547,16223,12165,11924,18744,19052,17795,12201,11979,18745,False
3945,13512,16214,12172,11934,18729,18934,17958,12151,11947,18733,False
3953,13460,16246,12162,11932,18755,18799,17894,12167,11973,18722,False
3961,13436,16078,12214,11976,18707,18714,17868,12188,11987,18740,False
3969,13417,16095,12207,11970,18774,18635,17812,12200,12000,18772,False
3977,13399,16129,12198,11970,18757,18588,17758,12214,12016,18756,False
3985,13351,16121,12196,11987,18746,18445,17940,12157,11986,18784,False
3993,13316,16137,12188,11976,18791,18334,17772,12217,12031,18758,False
4001,13282,16079,12204,11998,18743,18251,17938,12165,12003,18780,False
4009,13256,16151,12174,11976,18723,18182,17775,12212,12036,18715,False
4017,13234,16149,12176,11983,18779,18096,17873,12180,12015,18760,False
4025,13204,16006,12206,12014,18719,18012,17895,12171,12016,18756,False
4033,13165,16009,12197,12008,18683,17867,17893,12176,12014,18754,False
4041,13139,15984,12188,12005,18769,17754,17863,12191,12034,18815,False
4049,13090,15912,12209,12026,18800,17602,17796,12201,12041,18806,False
4057,13054,15830,12225,12033,18788,17480,17819,12194,12036,18742,False
4065,13028,15913,12190,12000,18813,17351,17963,12150,11999,18787,False
4073,13003,15780,12220,12027,18733,17254,17906,12162,12012,18706,False
4081,12990,15787,12216,12019,18788,17172,17881,12171,12013,18756,False
4089,12962,15919,12160,11978,18775,17102,17794,12198,12029,18747,False
4097,12951,15833,12192,12001,18741,17046,17864,12178,12012,18767,False
4105,12942,15817,12188,12000,18788,16979,17873,12180,12014,18814,False
4113,12927,15776,12200,12000,18759,16914,17814,12198,12019,18793,False
4121,12915,15750,12197,11994,18774,16847,17785,12208,12030,18791,False
4129,12901,15809,12164,11969,18706,16766,17812,12198,12015,18751,False
4137,12889,15729,12183,11982,18754,16698,17983,12158,11979,18741,False
4145,12876,15736,12180,11978,18785,16647,17968,12163,11983,18767,False
4153,12854,15624,12212,11991,18815,16535,17866,12191,11998,18812,False
4161,12842,15698,12166,11953,18794,16450,18011,12143,11956,18782,False
4169,12822,15564,12209,11971,18754,16324,17837,12203,11998,18763,False
4177,12816,15545,12207,11965,18728,16226,17910,12177,11970,18750,False
4185,12809,15472,12216,11960,18720,16145,17913,12178,11960,18773,False
4193,12806,15468,12201,11942,18783,16081,17817,12206,11984,18734,False
4201,12792,15425,12203,11945,18767,15969,17962,12155,11950,18755,False
4209,12780,15434,12184,11924,18787,15841,17852,12194,11960,18732,False
4217,12773,15420,12171,11905,18707,15740,17924,12173,11944,18714,False
4225,12768,15340,12205,11925,18781,15654,17793,12217,11965,18780,False
4233,12766,15213,12247,11954,18782,15586,17918,12180,11936,18777,False
4241,12766,15323,12184,11900,18731,15487,17842,12206,11948,18738,False
4249,12769,15286,12193,11905,18783,15423,17898,12181,11929,18748,False
4257,12769,15150,12236,11935,18787,15357,17866,12194,11937,18781,False
4265,12774,15147,12230,11921,18781,15259,17803,12216,11953,18793,False
4273,12766,15098,12234,11934,18924,15156,17980,12152,11910,18902,False
4281,12765,15155,12207,11907,18786,15062,18034,12140,11901,18782,False
4289,12767,15200,12173,11888,18752,14956,17925,12178,11928,18783,False
4297,12775,15100,12214,11916,18730,14857,17867,12190,11929,18748,False
4305,12779,15151,12187,11899,18747,14808,17917,12181,11923,18757,False
4313,12785,15077,12213,11916,18770,14708,17875,12193,11941,18730,False
4321,12793,15066,12202,11914,18726,14625,17881,12186,11932,18813,False
4329,12797,15009,12223,11930,18744,14558,17898,12181,11931,18711,False
4337,12803,15026,12208,11914,18769,14491,17990,12149,11912,18743,False
4345,12817,15093,12183,11903,18732,14410,17863,12183,11933,18786,False
4353,12824,15104,12170,11908,18751,14239,17957,12160,11928,18789,False
4361,12848,14598,12218,11944,18748,14074,17956,12152,11925,18707,False
4369,12860,15014,12196,11933,18789,13981,17811,12204,11972,18780,False
4377,12874,14506,12245,11995,18776,13918,17870,12182,11958,18735,False
4385,12875,14503,12245,12005,18799,13831,17889,12178,11964,18775,False
4393,12887,14617,12204,11967,18704,13764,17933,12166,11959,18713,False
4401,12895,15029,12188,11954,18749,13716,17889,12186,11970,18745,False
4409,12902,15031,12194,11963,18788,13634,17905,12165,11965,18762,False
4417,12913,14626,12204,11988,18737,13568,17832,12190,11982,18772,False
4425,12930,14631,12215,12005,18824,13436,17847,12189,11992,18812,False
4433,12938,14646,12213,12018,18725,13370,17967,12149,11967,18693,False
4441,12949,15010,12198,11985,18777,13304,17952,12146,11967,18751,False
4449,12972,15101,12168,11980,18781,13162,17878,12178,11995,18771,False
4457,12982,15073,12193,12006,18777,13011,17797,12203,12024,18699,False
4465,12979,15112,12176,11995,18846,12959,17856,12182,12008,18812,False
4473,12989,15042,12227,12029,18770,12799,17808,12194,12022,18728,False
4481,12988,15127,12199,12016,18775,12657,17782,12218,12038,18769,False
4489,12998,15230,12171,11993,18734,12493,17905,12181,12012,18707,False
4497,12999,15225,12184,12006,18759,12443,17895,12180,12011,18716,False
4505,13003,15189,12208,12021,18772,12328,17932,12179,12015,18765,False
4513,13007,15307,12190,12005,18729,12193,17875,12184,12013,18721,False
4521,13005,15327,12197,12001,18790,12058,17768,12227,12043,18760,False
4529,13005,15318,12208,12004,18714,11975,17969,12160,11991,18767,False
4537,13004,15345,12214,12008,18738,11925,17932,12171,12000,18746,False
4545,13002,15353,12213,12002,18699,11858,17945,12173,11993,18728,False
4553,12997,15390,12216,12001,18756,11773,17950,12162,11985,18694,False
4561,12991,15560,12160,11963,18782,11689,17864,12181,11999,18734,False
4569,12979,15584,12161,11951,18731,11550,17892,12178,11989,18744,False
4577,12959,15643,12164,11948,18830,11384,17827,12192,11990,18762,False
4585,12939,15660,12172,11932,18765,11224,17967,12145,11942,18716,False
4593,12932,15632,12197,11947,18722,11174,17970,12155,11952,18790,False
4601,12924,15645,12201,11944,18715,11107,17869,12177,11964,18755,False
4609,12925,15647,12216,11946,18858,11080,17932,12160,11882,18845,True
4617,12925,15668,12216,11940,18746,11117,17771,12207,11908,18827,True
4625,12908,15808,12168,11914,18783,11183,17865,12185,11899,18807,True
4633,12885,15778,12203,11920,18821,11275,17860,12191,11887,18780,True
4641,12877,15797,12214,11928,18790,11317,17888,12181,11876,18846,True
4649,12867,15814,12209,11920,18752,11360,17860,12193,11885,18754,True
4657,12854,15917,12187,11902,18819,11412,17849,12189,11872,18780,True
4665,12846,15962,12167,11891,18698,11456,17871,12184,11872,18820,True
4673,12835,15866,12214,11919,18792,11510,17877,12184,11869,18708,True
4681,12815,15947,12186,11890,18724,11597,17866,12182,11860,18718,True
4689,12805,15961,12195,11893,18816,11668,17930,12171,11847,18811,True
4697,12798,15966,12198,11904,18734,11705,17819,12207,11872,18814,True
4705,12785,15943,12210,11906,18779,11769,17880,12181,11863,18764,True
4713,12770,16042,12186,11894,18754,11800,17876,12180,11857,18768,True
4721,12732,16134,12170,11888,18724,11891,17824,12204,11877,18740,True
4729,12724,16144,12173,11881,18666,11936,17935,12158,11851,18737,True
4737,12722,15967,12238,11926,18599,12001,17772,12203,11880,18606,True
4745,12723,16029,12220,11918,18611,12061,17940,12153,11849,18587,True
4753,12718,16165,12173,11902,18650,12120,17979,12142,11840,18580,True
4761,12697,16033,12227,11934,18685,12158,17843,12180,11884,18641,True
4769,12688,16123,12181,11908,18633,12234,17883,12174,11880,18630,True
4777,12680,16228,12150,11888,18646,12299,17882,12169,11884,18643,True
4785,12676,16040,12225,11941,18615,12353,17929,12158,11874,18614,True
4793,12675,16101,12197,11923,18602,12394,17940,12153,11872,18588,True
4801,12672,16083,12209,11941,18622,12481,17956,12149,11884,18610,True
4809,12667,16209,12163,11921,18651,12537,17859,12182,11910,18678,True
4817,12661,16081,12216,11961,18658,12605,17929,12155,11897,18643,True
4825,12637,16155,12185,11942,18733,12661,17972,12147,11907,18660,True
4833,12627,16073,12214,11968,18619,12720,17839,12188,11938,18695,True
4841,12622,16076,12217,11972,18687,12787,17816,12190,11938,18666,True
4849,12621,16128,12190,11959,18616,12875,17920,12166,11929,18624,True
4857,12620,15966,12244,12000,18610,12919,17880,12175,11941,18625,True
4865,12613,16187,12167,11961,18664,12976,17875,12180,11950,18658,True
4873,12609,16099,12203,11979,18676,13024,17809,12196,11966,18640,True
4881,12606,16075,12211,11994,18619,13081,17821,12196,11968,18676,True
4889,12597,16096,12214,12003,18714,13151,17873,12173,11960,18704,True
4897,12589,16115,12204,12002,18645,13199,17870,12172,11967,18623,True
4905,12586,16061,12207,11998,18635,13252,17904,12163,11964,18607,True
4913,12587,16118,12183,11983,18620,13323,17972,12146,11949,18622,True
4921,12595,16174,12161,11972,18578,13385,17808,12201,11992,18580,True
4929,12596,16058,12197,12001,18598,13450,18010,12130,11941,18596,True
4937,12596,16137,12164,11981,18579,13534,17836,12188,11984,18558,True
4945,12606,16149,12144,11967,18625,13667,17775,12208,12004,18610,True
4953,12606,16061,12168,11985,18650,13751,17927,12166,11978,18641,True
4961,12615,15988,12181,11988,18666,13895,17923,12164,11974,18643,True
4969,12608,15953,12167,11985,18707,13984,17807,12202,12003,18672,True
4977,12615,15779,12218,12015,18607,14049,17866,12187,11978,18654,True
4985,12632,15799,12195,11993,18675,14171,17789,12212,11990,18677,True
4993,12640,15851,12171,11969,18600,14245,17808,12192,11975,18588,True
5001,12653,15825,12162,11953,18665,14328,17891,12169,11955,18688,True
5009,12671,15755,12174,11955,18688,14419,17863,12179,11946,18632,True
5017,12682,15769,12163,11950,18663,14498,17962,12159,11935,18686,True
5025,12682,15699,12177,11955,18713,14532,17865,12181,11948,18676,True
5033,12699,15598,12205,11964,18632,14639,17967,12150,11908,18630,True
5041,12716,15565,12205,11959,18673,14715,17970,12147,11897,18688,True
5049,12743,15506,12207,11944,18666,14871,17828,12194,11920,18609,True
5057,12758,15534,12186,11925,18656,14958,17959,12158,11887,18656,True
5065,12762,15388,12234,11952,18669,14993,17915,12173,11900,18669,True
5073,12782,15446,12194,11917,18684,15092,17940,12165,11876,18665,True
5081,12818,15426,12184,11899,18639,15211,17823,12193,11885,18654,True
5089,12845,15219,12253,11940,18648,15312,17984,12165,11858,18651,True
5097,12906,15460,12131,11844,18677,15458,17893,12191,11863,18593,True
5105,12958,15200,12203,11902,18694,15622,17973,12161,11847,18673,True
5113,13004,15198,12180,11878,18594,15748,17909,12182,11852,18638,True
5121,13054,15068,12218,11898,18628,15889,17960,12177,11852,18693,True
5129,13085,15185,12169,11874,18670,15988,17945,12178,11866,18734,True
5137,13138,15047,12201,11897,18538,16125,17962,12182,11862,18513,True
5145,13176,15089,12182,11879,18556,16196,17850,12220,11881,18538,True
5153,13221,14645,12212,11899,18594,16293,17887,12206,11881,18618,True
5161,13244,15058,12182,11889,18553,16348,18059,12154,11857,18605,True
5169,13282,15027,12194,11904,18569,16420,18057,12156,11862,18596,True
5177,13332,15010,12202,11912,18523,16513,17965,12182,11877,18484,True
5185,13416,15017,12184,11921,18638,16699,18006,12166,11888,18663,True
5193,13439,14527,12230,11974,18692,16764,17977,12177,11916,18688,True
5201,13465,14511,12242,11993,18705,16819,17906,12191,11918,18697,True
5209,13488,14519,12244,12014,18792,16882,17869,12193,11931,18707,True
5217,13501,14551,12226,11997,18739,16936,17921,12169,11923,18767,True
5225,13547,15036,12189,11958,18698,17041,17895,12176,11934,18641,True
5233,13578,15062,12178,11957,18657,17138,18014,12140,11919,18645,True
5241,13616,14598,12229,12028,18636,17194,17828,12195,11956,18700,True
5249,13640,15133,12155,11954,18665,17287,17872,12183,11960,18668,True
5257,13678,14624,12228,12042,18664,17363,17851,12189,11972,18649,True
5265,13713,15034,12209,12005,18600,17452,17833,12201,11981,18617,True
5273,13738,15154,12168,11981,18679,17517,17810,12206,11992,18711,True
5281,13770,15181,12170,11983,18600,17611,17903,12171,11966,18587,True
5289,13792,15207,12161,11977,18743,17653,17914,12177,11980,18577,True
5297,13812,15190,12172,11996,18696,17723,17743,12223,12011,18713,True
5305,13819,15175,12192,12006,18659,17758,17775,12212,12008,18659,True
5313,13835,15185,12190,12006,18683,17803,17931,12173,11976,18646,True
5321,13864,15231,12188,12001,18685,17893,18008,12144,11954,18671,True
5329,13880,15271,12175,11992,18632,17958,17889,12180,11979,18629,True
5337,13901,15182,12223,12024,18654,18013,17863,12189,11984,18673,True
5345,13924,15247,12203,12004,18597,18071,17887,12184,11973,18609,True
5353,13940,15341,12185,11997,18717,18162,17978,12163,11961,18725,True
5361,13974,15341,12191,11989,18648,18254,17808,12217,11985,18693,True
5369,13985,15351,12198,11991,18632,18308,17816,12209,11984,18630,True
5377,14009,15416,12189,11986,18696,18407,17788,12219,11977,18764,True
5385,14019,15473,12184,11976,18658,18484,17881,12186,11952,18700,True
5393,14024,15450,12212,11990,18737,18544,17881,12182,11947,18660,True
5401,14025,15600,12165,11949,18805,18634,17906,12178,11935,18762,True
5409,14027,15482,12227,11985,18674,18665,17808,12209,11951,18652,True
5417,14031,15603,12190,11950,18726,18736,17932,12174,11921,18764,True
5425,14033,15711,12152,11924,18750,18783,17984,12155,11899,18718,True
5433,14035,15592,12208,11958,18656,18856,17916,12181,11913,18726,True
5441,14035,15639,12204,11949,18741,18901,17913,12169,11898,18652,True
5449,14035,15637,12213,11952,18791,18970,17859,12194,11908,18767,True
5457,14031,15679,12210,11948,18710,18994,17856,12197,11904,18777,True
5465,14023,15820,12171,11913,18699,19058,17914,12172,11880,18686,True
5473,14020,15814,12181,11913,18684,19118,17823,12201,11897,18726,True
5481,14019,15768,12208,11931,18702,19153,17962,12156,11865,18687,True
5489,14019,15805,12217,11930,18689,19215,17815,12195,11885,18664,True
5497,14020,15958,12163,11885,18688,19280,17946,12160,11854,18723,True
5505,14020,16010,12157,11879,18681,19333,17835,12193,11877,18727,True
5513,14020,15975,12180,11891,18717,19332,17907,12170,11923,18730,False
5521,14016,16054,12158,11880,18652,19280,17898,12177,11929,18676,False
5529,14007,15969,12194,11907,18642,19208,17850,12189,11942,18679,False
5537,13997,16078,12170,11883,18700,19160,17975,12156,11913,18685,False
5545,13993,16096,12166,11887,18650,19119,17877,12177,11925,18668,False
5553,13987,16108,12159,11877,18712,19050,17891,12181,11930,18646,False
5561,13980,16168,12151,11875,18723,18995,17923,12171,11917,18751,False
5569,13973,16026,12210,11919,18658,18941,17799,12207,11944,18722,False
5577,13966,15983,12229,11926,18701,18885,17891,12176,11926,18643,False
5585,13963,16114,12186,11898,18643,18821,17747,12226,11955,18682,False
5593,13955,16176,12170,11900,18781,18757,17965,12159,11919,18737,False
5601,13931,16177,12190,11911,18802,18666,17841,12196,11949,18782,False
5609,13917,16250,12169,11906,18765,18593,17939,12170,11931,18781,False
5617,13892,16181,12188,11924,18729,18545,17874,12186,11950,18716,False
5625,13878,16214,12183,11916,18806,18478,17855,12192,11953,18805,False
5633,13862,16132,12215,11941,18754,18388,17942,12173,11950,18745,False
5641,13832,16207,12197,11939,18795,18338,17887,12190,11969,18856,False
5649,13817,16145,12226,11951,18777,18271,17919,12174,11953,18724,False
5657,13797,16204,12197,11938,18794,18195,17963,12159,11945,18701,False
5665,13782,16135,12223,11961,18738,18134,17922,12177,11964,18799,False
5673,13770,16279,12168,11930,18689,18062,17903,12177,11968,18693,False
5681,13754,16286,12172,11938,18815,18005,17986,12159,11954,18724,False
5689,13742,16253,12181,11954,18758,17948,17924,12173,11972,18788,False
5697,13712,16232,12193,11961,18753,17869,17925,12176,11980,18753,False
5705,13693,16221,12163,11946,18737,17791,17954,12159,11967,18745,False
5713,13674,16120,12198,11974,18756,17718,17826,12212,12015,18758,False
5721,13659,16147,12199,11980,18718,17657,17936,12175,11993,18778,False
5729,13644,16124,12200,11982,18741,17582,17968,12166,11987,18738,False
5737,13632,16133,12197,11991,18705,17525,17986,12155,11986,18701,False
5745,13608,16015,12236,12026,18778,17466,18009,12156,11987,18714,False
5753,13592,16046,12218,12012,18749,17379,17832,12200,12022,18750,False
5761,13576,16085,12208,12007,18806,17334,17907,12180,12010,18747,False
5769,13562,16101,12187,11993,18751,17276,17868,12194,12025,18802,False
5777,13545,16013,12220,12018,18724,17203,17808,12208,12034,18760,False
5785,13531,15983,12220,12026,18701,17142,17842,12204,12031,18729,False
5793,13519,16134,12167,11982,18731,17066,17957,12171,12012,18745,False
5801,13511,16067,12186,11997,18737,17023,17916,12183,12019,18737,False
5809,13505,16074,12182,11996,18719,16968,17857,12198,12030,18775,False
5817,13490,15976,12210,12027,18848,16886,17817,12203,12032,18808,False
5825,13479,15968,12211,12024,18755,16825,17938,12165,12007,18823,False
5833,13471,16098,12147,11982,18771,16765,17945,12172,12015,18745,False
5841,13459,15951,12194,12011,18686,16692,17810,12209,12033,18711,False
5849,13454,16003,12169,11988,18787,16634,17980,12154,11999,18730,False
5857,13450,15931,12190,12002,18760,16555,17952,12164,12002,18772,False
5865,13445,15833,12214,12020,18829,16461,17891,12189,12018,18802,False
5873,13426,15781,12233,12026,18819,16408,17947,12171,12011,18821,False
5881,13420,15956,12144,11964,18775,16332,17821,12202,12024,18786,False
5889,13411,15842,12182,11982,18779,16260,17901,12181,12005,18790,False
5897,13405,15862,12161,11970,18743,16200,18024,12145,11979,18785,False
5905,13399,15798,12187,11984,18814,16140,17918,12172,11988,18748,False
5913,13397,15711,12202,11979,18759,16066,17908,12166,11983,18807,False
5921,13400,15717,12192,11974,18793,16009,17844,12193,11993,18798,False
5929,13401,15679,12194,11974,18758,15942,17911,12170,11975,18776,False
5937,13402,15725,12172,11950,18793,15885,17980,12146,11958,18747,False
5945,13396,15533,12236,11994,18793,15828,17852,12183,11977,18805,False
5953,13388,15679,12171,11946,18737,15762,17917,12169,11967,18758,False
5961,13386,15695,12157,11930,18827,15697,17874,12182,11971,18714,False
5969,13387,15610,12170,11930,18702,15626,17967,12154,11944,18732,False
5977,13389,15514,12200,11946,18748,15580,17875,12177,11958,18704,False
5985,13390,15478,12217,11960,18859,15536,17824,12193,11968,18774,False
5993,13390,15520,12183,11928,18750,15459,17749,12213,11975,18828,False